Interaction_ID,Timestamp,User_ID,Interaction_Type,Product_ID,Search_Query
2601,2023-12-07 04:14:14.630208,1,product_search,-,electronics
2602,2023-12-07 04:14:14.630208,2,product_search,-,electronics
2603,2023-12-07 04:14:14.630208,3,product_search,-,laptop
2604,2023-12-07 04:14:14.630208,4,product_search,-,laptop
2605,2023-12-07 04:14:14.630208,5,product_search,-,electronics
2606,2023-12-07 04:14:14.630208,6,product_search,-,laptop
2607,2023-12-07 04:14:14.630208,7,product_search,-,electronics
2608,2023-12-07 04:14:14.630208,8,product_search,-,electronics
2609,2023-12-07 04:14:14.630208,9,product_search,-,laptop
2610,2023-12-07 04:14:14.630208,10,product_search,-,phone
2611,2023-12-07 04:14:14.630208,11,product_search,-,electronics
2612,2023-12-07 04:14:14.630208,12,product_search,-,laptop
2613,2023-12-07 04:14:14.630208,13,product_search,-,phone
2614,2023-12-07 04:14:14.630208,14,product_search,-,electronics
2615,2023-12-07 04:14:14.630208,15,product_search,-,clothing
2616,2023-12-07 04:14:14.630208,16,product_search,-,laptop
2617,2023-12-07 04:14:14.630208,17,product_search,-,laptop
2618,2023-12-07 04:14:14.630208,18,product_search,-,electronics
2619,2023-12-07 04:14:14.630208,19,product_search,-,electronics
2620,2023-12-07 04:14:14.630208,20,product_search,-,laptop
2621,2023-12-07 04:14:14.630208,21,product_search,-,electronics
2622,2023-12-07 04:14:14.630208,22,product_search,-,laptop
2623,2023-12-07 04:14:14.630208,23,product_search,-,clothing
2624,2023-12-07 04:14:14.630208,24,product_search,-,clothing
2625,2023-12-07 04:14:14.630208,25,product_search,-,laptop
2626,2023-12-07 04:14:14.630208,26,product_search,-,clothing
2627,2023-12-07 04:14:14.630208,27,product_search,-,laptop
2628,2023-12-07 04:14:14.630208,28,product_search,-,shoes
2629,2023-12-07 04:14:14.630208,29,product_search,-,phone
2630,2023-12-07 04:14:14.630208,30,product_search,-,clothing
2631,2023-12-07 04:14:14.630208,31,product_search,-,phone
2632,2023-12-07 04:14:14.630208,32,product_search,-,electronics
2633,2023-12-07 04:14:14.630208,33,product_search,-,electronics
2634,2023-12-07 04:14:14.630208,34,product_search,-,clothing
2635,2023-12-07 04:14:14.630208,35,product_search,-,shoes
2636,2023-12-07 04:14:14.630208,36,product_search,-,laptop
2637,2023-12-07 04:14:14.630208,37,product_search,-,shoes
2638,2023-12-07 04:14:14.630208,38,product_search,-,phone
2639,2023-12-07 04:14:14.630208,39,product_search,-,clothing
2640,2023-12-07 04:14:14.630208,40,product_search,-,clothing
2641,2023-12-07 04:14:14.630208,41,product_search,-,electronics
2642,2023-12-07 04:14:14.630208,42,product_search,-,phone
2643,2023-12-07 04:14:14.630208,43,product_search,-,phone
2644,2023-12-07 04:14:14.630208,44,product_search,-,clothing
2645,2023-12-07 04:14:14.630208,45,product_search,-,phone
2646,2023-12-07 04:14:14.630208,46,product_search,-,laptop
2647,2023-12-07 04:14:14.630208,47,product_search,-,electronics
2648,2023-12-07 04:14:14.630208,48,product_search,-,electronics
2649,2023-12-07 04:14:14.630208,49,product_search,-,phone
2650,2023-12-07 04:14:14.630208,50,product_search,-,laptop
2651,2023-12-07 04:14:14.630208,51,product_search,-,shoes
2652,2023-12-07 04:14:14.630208,52,product_search,-,laptop
2653,2023-12-07 04:14:14.630208,53,product_search,-,phone
2654,2023-12-07 04:14:14.630208,54,product_search,-,clothing
2655,2023-12-07 04:14:14.630208,55,product_search,-,shoes
2656,2023-12-07 04:14:14.630208,56,product_search,-,laptop
2657,2023-12-07 04:14:14.630208,57,product_search,-,clothing
2658,2023-12-07 04:14:14.630208,58,product_search,-,shoes
2659,2023-12-07 04:14:14.630208,59,product_search,-,electronics
2660,2023-12-07 04:14:14.630208,60,product_search,-,clothing
2661,2023-12-07 04:14:14.630208,61,product_search,-,laptop
2662,2023-12-07 04:14:14.630208,62,product_search,-,shoes
2663,2023-12-07 04:14:14.630208,63,product_search,-,clothing
2664,2023-12-07 04:14:14.630208,64,product_search,-,laptop
2665,2023-12-07 04:14:14.630208,65,product_search,-,phone
2666,2023-12-07 04:14:14.630208,66,product_search,-,phone
2667,2023-12-07 04:14:14.630208,67,product_search,-,clothing
2668,2023-12-07 04:14:14.630208,68,product_search,-,electronics
2669,2023-12-07 04:14:14.630208,69,product_search,-,laptop
2670,2023-12-07 04:14:14.630208,70,product_search,-,phone
2671,2023-12-07 04:14:14.630208,71,product_search,-,phone
2672,2023-12-07 04:14:14.630208,72,product_search,-,phone
2673,2023-12-07 04:14:14.630208,73,product_search,-,clothing
2674,2023-12-07 04:14:14.630208,74,product_search,-,electronics
2675,2023-12-07 04:14:14.630208,75,product_search,-,electronics
2676,2023-12-07 04:14:14.630208,76,product_search,-,clothing
2677,2023-12-07 04:14:14.630208,77,product_search,-,electronics
2678,2023-12-07 04:14:14.630208,78,product_search,-,clothing
2679,2023-12-07 04:14:14.630208,79,product_search,-,laptop
2680,2023-12-07 04:14:14.630208,80,product_search,-,phone
2681,2023-12-07 04:14:14.630208,81,product_search,-,shoes
2682,2023-12-07 04:14:14.630208,82,product_search,-,electronics
2683,2023-12-07 04:14:14.630208,83,product_search,-,electronics
2684,2023-12-07 04:14:14.630208,84,product_search,-,laptop
2685,2023-12-07 04:14:14.630208,85,product_search,-,shoes
2686,2023-12-07 04:14:14.630208,86,product_search,-,electronics
2687,2023-12-07 04:14:14.630208,87,product_search,-,clothing
2688,2023-12-07 04:14:14.630208,88,product_search,-,shoes
2689,2023-12-07 04:14:14.630208,89,product_search,-,shoes
2690,2023-12-07 04:14:14.630208,90,product_search,-,shoes
2691,2023-12-07 04:14:14.630208,91,product_search,-,phone
2692,2023-12-07 04:14:14.630208,92,product_search,-,clothing
2693,2023-12-07 04:14:14.630208,93,product_search,-,clothing
2694,2023-12-07 04:14:14.630208,94,product_search,-,electronics
2695,2023-12-07 04:14:14.630208,95,product_search,-,clothing
2696,2023-12-07 04:14:14.630208,96,product_search,-,laptop
2697,2023-12-07 04:14:14.630208,97,product_search,-,phone
2698,2023-12-07 04:14:14.630208,98,product_search,-,clothing
2699,2023-12-07 04:14:14.630208,99,product_search,-,clothing
2700,2023-12-07 04:14:14.630208,100,product_search,-,electronics
