User_ID,Name,Age,Gender,Income,Contact,Location
1,Heather Burke,35,Female,68059,347-414-3911,"61.389715, -7.198571"
2,Margaret Brown,40,Male,73613,+1-632-865-1129,"-61.234150, -9.520890"
3,Pamela Crane,53,Male,75572,816.752.4431x56859,"-68.287243, -135.834580"
4,Erika Williamson,36,Male,63795,+1-652-669-8271,"MDR37A, Basni, Nagaur Tehsil, Nagaur District, Rajasthan, 341021, India"
5,Lori Mcintosh,38,Male,31765,777-357-5255x67102,"80.204909, -172.165824"
6,Desiree Logan,36,Male,51571,+1-440-563-7070,"-10.650334, 13.401083"
7,Steven Maldonado,32,Female,44402,001-775-236-0974x6418,"-71.985498, -67.259120"
8,Joshua Strickland,31,Female,47287,+1-307-638-0387x11097,"87.995936, 20.762031"
9,John Hansen,54,Female,61199,(803)636-5015,"-83.582661, 175.987121"
10,Nicholas Young,54,Female,65067,(629)707-1373x986,"-31.759288, 105.804672"
11,Crystal Rice,40,Male,85409,714-835-1574,"76.212865, 31.831365"
12,Drew Hicks,58,Male,66058,(241)872-3581x43080,"Municipio de Fiambalá, Departamento Tinogasta, Catamarca, K5340, Argentina"
13,April Wright,46,Male,47672,9799875151,"70.867290, 162.962226"
14,Lucas Ballard,29,Male,88190,288-705-8340,"Tagant, Mauritania"
15,Laura Reed,40,Female,32865,411.801.0944x4420,"-42.352781, -176.305138"
16,Sean Brennan,51,Male,69204,769.608.5873x453,"15.157090, -102.052937"
17,Brittany Jones,33,Male,97613,+1-492-733-0050,"-40.271602, -41.987242"
18,Lori Robinson,31,Male,84333,7428762933,"Qikiqtaaluk Region, Nunavut, Canada"
19,Paige Johnson,19,Female,64488,+1-245-945-8598x36066,"87.115777, 174.234048"
20,Susan Martin,28,Male,53571,+1-277-764-3770x26259,"-77.714473, 126.182173"
21,Angela Pruitt,19,Female,49245,904.351.8171x598,"-68.601759, 81.484166"
22,Alan Williams,36,Female,44728,237.452.6701,"80.196224, 179.314747"
23,Joseph Davis,43,Female,98076,(843)837-0102x84142,"-45.108199, -94.101451"
24,Logan Bentley,57,Male,69793,241.406.8603x943,"Zhöntreng, Kangmar County, Shigatse Prefecture, Tibet, China"
25,Terrance Peters,45,Male,45472,327.302.1864x94863,"-47.602133, 71.783820"
26,Dustin Chavez,45,Female,35340,+1-442-563-6193x213,"-42.323490, -136.919258"
27,Marie Bell,29,Male,87341,+1-821-448-2953x24268,"82.851702, 62.300650"
28,Jesse Smith,59,Male,76934,(886)927-6004x9530,"Departamento Sarmiento, Chubut Province, Argentina"
29,Kyle Burke,53,Female,42082,001-367-438-2739x8869,"South Slave Region, Northwest Territories, Canada"
30,Brian Mcintosh,43,Male,69327,7966201219,"Zag, Pachalik de Zag باشوية الزاك, Assa-Zag Province, Guelmim-Oued Noun, Morocco"
31,Michele Hernandez,59,Male,34051,595-271-9339x70354,"25.402662, 176.299702"
32,Ethan Mckinney,50,Female,77495,440-472-2636,"13.266567, 125.343626"
33,Leah Burke,49,Male,56816,821.960.7570x58692,"-75.755747, -160.885089"
34,Christine Lewis,42,Male,39113,7005408424,"-87.922102, -144.232089"
35,Gary Whitaker,32,Male,43584,915.923.7587,"-69.351844, -137.701360"
36,Michael Rogers,38,Female,67399,(757)351-7911,"-81.549964, -171.023177"
37,Lisa Wu,52,Female,80253,+1-446-913-7712x5070,"Uvatsky District, Tyumen Oblast, Ural Federal District, Russia"
38,Tammy Casey,37,Female,92264,996.683.1169x441,"39.035223, -60.071411"
39,Steven Morgan,36,Male,95811,(250)575-7563x722,"85.175672, 101.864409"
40,Erin Barry,25,Female,94321,001-642-591-7878,"Nawzad, Helmand Province, Afghanistan"
41,Alexandra Avila,45,Male,30377,6565618424,"городское поселение Диксон, Taymyrsky Dolgano-Nenetsky District, Krasnoyarsk Krai, Siberian Federal District, Russia"
42,Mark Daniels,57,Female,76853,(519)632-6323,"82.278065, 90.113094"
43,Beth Johnson,55,Female,53313,001-654-386-2207x278,"Hoskins District, West New Britain, Islands Region, Papua New Guinea"
44,James Hoffman,32,Male,41656,5034594923,"Jinhe, Genhe City, Hulunbuir, Inner Mongolia, China"
45,Molly Ramirez,33,Male,60402,462.337.9633x3931,"22.345801, -96.942077"
46,Janice Ballard,33,Female,55434,840-475-8423x8173,"Porsanger, Troms og Finnmark, Norway"
47,Lucas Tapia,59,Male,92043,598-588-9145x358,"-13.350668, 67.550976"
48,Joshua Becker,40,Male,47534,+1-263-592-8490x7661,"In Amguel, de Tamanrasset District, Tamanrasset, Algeria"
49,Frances Vargas,38,Male,83218,941-543-2254,"Kiasar, Karaj County, Alborz Province, Iran"
50,Sarah Adams,57,Female,68016,567.292.8763,"Атырау қ.ә., Atyrau Region, Kazakhstan"
51,Amber Brady,21,Female,31606,(595)509-4966x466,"-85.557511, 92.743003"
52,Traci Vasquez,32,Female,66731,466-706-9218x6859,"-8.183009, 12.023248"
53,Eric Robles,46,Female,38449,882.257.3445x67159,"Мегино-Алданский наслег, Tomponsky Ulus, Sakha Republic, Far Eastern Federal District, 678725, Russia"
54,Kenneth Watson,57,Male,70841,772.461.4266,"-88.071040, 93.047771"
55,Andrew Sandoval,50,Female,39159,284-259-2266x75540,"15.771517, 166.562286"
56,Nathan Bailey,23,Male,91362,+1-465-915-5818x080,"Chugach, Alaska, United States"
57,Timothy Cooley,56,Male,32208,(788)957-8291x215,"21.046684, 158.059008"
58,Cindy Fleming,37,Female,61487,+1-381-323-6368x6424,"-78.222902, 133.804084"
59,Charles Stevens,38,Male,50204,252.828.9769x178,"-72.607198, -88.109668"
60,Timothy Walker,23,Male,76836,5315195569,"Qikiqtaaluk Region, Nunavut, Canada"
61,Amber Aguilar,49,Male,61673,(578)433-6993,"сельское поселение Важгорт, Udorsky District, Komi Republic, Northwestern Federal District, Russia"
62,Gary Morales,29,Female,60506,+1-899-218-5620x186,"17.747982, -120.898074"
63,Ann Moore,28,Female,74811,+1-818-331-5459x4536,"33.007650, -49.495070"
64,Jared Fox,52,Male,95010,001-624-367-4068x6283,"Barcelos, Região Geográfica Imediata de São Gabriel da Cachoeira, Região Geográfica Intermediária de Manaus, Amazonas, North Region, Brazil"
65,Gary Wood,24,Male,88476,832.295.6256,"-36.066974, -135.322031"
66,Ian Gonzalez,19,Male,57328,+1-632-713-3582x824,"Zharen, Amdo County, Nagqu City, Tibet, China"
67,Kelly Haley,33,Male,35929,980-795-8278x9576,"-71.112939, 94.254173"
68,Stacey Yates,28,Female,37733,+1-216-886-3237x367,"-55.360531, -157.020947"
69,Vanessa Hughes,58,Male,57324,+1-614-235-2534x7407,"15.164644, -114.998721"
70,Steven Carey,23,Female,52520,(985)835-6168x73842,"-40.994450, 85.144918"
71,Tracy Mercer,41,Male,73205,556.744.9757,"84.118998, 32.358931"
72,Ronald Marshall,41,Female,42136,671-858-0053x96062,"-89.261020, 73.300071"
73,Dylan Mccoy,24,Male,72715,284-661-0528x179,"-67.597673, 177.136642"
74,Meghan Cook,41,Male,84857,001-979-793-5463x722,"7.911550, -96.227160"
75,Valerie Jones,59,Female,48436,001-464-587-8626x538,"Ogooué-Maritime Province, Gabon"
76,Aimee Grimes,50,Female,86940,640.754.1805x387,"Manicoré, Região Geográfica Imediata de Manicoré, Região Geográfica Intermediária de Lábrea, Amazonas, North Region, Brazil"
77,Ashley Kline,20,Male,86456,(872)396-4596,"89.244199, 85.618539"
78,Karen Fox,48,Male,68001,5427667907,"-28.122356, 63.748326"
79,James Harding,57,Female,93918,001-745-541-7482x09857,"-88.362349, -10.982538"
80,Mary Barajas,50,Female,42304,937.272.2769,"-79.087627, 143.979043"
81,Dr. Andrew Howell,58,Male,62713,(675)887-3839x8756,"59.844625, -51.332321"
82,William Campbell,59,Female,42919,2292520346,"Guelta Zemmur, caïdat de Gueltat Zemour قيادة كولتة زمور, cercle de Jraifia دائرة الجريفية, Boujdour Province, Morocco"
83,Anthony Cole,32,Female,77068,001-903-240-6422x646,"-68.369455, 91.309416"
84,Nicholas Leach,39,Male,83421,650-916-8720x224,"-20.667482, -108.718217"
85,Jacob Patterson,32,Male,52795,630-856-7699x242,"75.694949, 21.525582"
86,Kenneth Buckley,20,Female,31746,001-810-336-6134,"-34.728569, -130.993243"
87,Austin Green,47,Female,84647,(978)711-8732,"-71.922838, 173.090859"
88,Michelle Woods,34,Male,43706,+1-513-982-9668x5883,"-85.079032, -178.556786"
89,Mark Morales,25,Female,31615,+1-202-991-9455x14867,"27.534355, -54.946489"
90,Karen Cowan,30,Male,51789,001-250-962-7562x550,"23.183029, -66.473239"
91,Stephanie Robinson,18,Female,55583,(816)409-0438x1383,Italy
92,Mrs. Heather Lee,51,Female,90081,473.819.7585,"Matruh, Egypt"
93,Elizabeth Flores,36,Female,83373,459-322-6790,"10208, PA 36, Leeper, Farmington Township, Knox Township, Clarion County, Pennsylvania, 16353, United States"
94,Tara Lewis,32,Male,45457,829-678-0838x367,"20.700828, -149.840872"
95,Johnathan Nicholson,49,Male,31131,494-970-6552,"-9.997676, 170.457548"
96,Melinda Acevedo,34,Male,53145,8573608257,"-78.518531, 29.002716"
97,Tyler Harrison,45,Female,38524,7208872141,"Хара-Улахский наслег, Bulunsky Ulus, Sakha Republic, Far Eastern Federal District, 678410, Russia"
98,Louis Gonzalez,43,Male,68578,368-265-1435x0513,"80.915272, 159.353504"
99,Cody Clark,18,Female,63364,001-257-230-5103x22005,"Sandy Creek, Cobar Shire Council, New South Wales, 2835, Australia"
100,Anna Waller,25,Male,66730,(740)924-8229,"Patresh, Pavlikeni, Veliko Tarnovo, Bulgaria"
