Interaction_ID,Timestamp,User_ID,Interaction_Type,Product_ID,Search_Query
501,2023-12-07 03:53:11.825359,1,product_search,-,shoes
502,2023-12-07 03:53:11.825359,2,product_search,-,clothing
503,2023-12-07 03:53:11.825359,3,product_search,-,clothing
504,2023-12-07 03:53:11.825359,4,product_search,-,shoes
505,2023-12-07 03:53:11.825359,5,product_search,-,shoes
506,2023-12-07 03:53:11.825359,6,product_search,-,clothing
507,2023-12-07 03:53:11.825359,7,product_search,-,electronics
508,2023-12-07 03:53:11.825359,8,product_search,-,electronics
509,2023-12-07 03:53:11.825359,9,product_search,-,shoes
510,2023-12-07 03:53:11.825359,10,product_search,-,shoes
511,2023-12-07 03:53:11.825359,11,product_search,-,electronics
512,2023-12-07 03:53:11.825359,12,product_search,-,phone
513,2023-12-07 03:53:11.825359,13,product_search,-,clothing
514,2023-12-07 03:53:11.825359,14,product_search,-,shoes
515,2023-12-07 03:53:11.825359,15,product_search,-,electronics
516,2023-12-07 03:53:11.825359,16,product_search,-,clothing
517,2023-12-07 03:53:11.825359,17,product_search,-,shoes
518,2023-12-07 03:53:11.825359,18,product_search,-,clothing
519,2023-12-07 03:53:11.825359,19,product_search,-,laptop
520,2023-12-07 03:53:11.825359,20,product_search,-,electronics
521,2023-12-07 03:53:11.825359,21,product_search,-,phone
522,2023-12-07 03:53:11.825359,22,product_search,-,electronics
523,2023-12-07 03:53:11.825359,23,product_search,-,laptop
524,2023-12-07 03:53:11.825359,24,product_search,-,laptop
525,2023-12-07 03:53:11.825359,25,product_search,-,laptop
526,2023-12-07 03:53:11.825359,26,product_search,-,phone
527,2023-12-07 03:53:11.825359,27,product_search,-,phone
528,2023-12-07 03:53:11.825359,28,product_search,-,electronics
529,2023-12-07 03:53:11.825359,29,product_search,-,clothing
530,2023-12-07 03:53:11.825359,30,product_search,-,clothing
531,2023-12-07 03:53:11.825359,31,product_search,-,clothing
532,2023-12-07 03:53:11.825359,32,product_search,-,electronics
533,2023-12-07 03:53:11.825359,33,product_search,-,electronics
534,2023-12-07 03:53:11.825359,34,product_search,-,laptop
535,2023-12-07 03:53:11.825359,35,product_search,-,laptop
536,2023-12-07 03:53:11.825359,36,product_search,-,shoes
537,2023-12-07 03:53:11.825359,37,product_search,-,shoes
538,2023-12-07 03:53:11.825359,38,product_search,-,clothing
539,2023-12-07 03:53:11.825359,39,product_search,-,laptop
540,2023-12-07 03:53:11.825359,40,product_search,-,laptop
541,2023-12-07 03:53:11.825359,41,product_search,-,shoes
542,2023-12-07 03:53:11.825359,42,product_search,-,shoes
543,2023-12-07 03:53:11.825359,43,product_search,-,phone
544,2023-12-07 03:53:11.825359,44,product_search,-,shoes
545,2023-12-07 03:53:11.825359,45,product_search,-,shoes
546,2023-12-07 03:53:11.825359,46,product_search,-,electronics
547,2023-12-07 03:53:11.825359,47,product_search,-,phone
548,2023-12-07 03:53:11.825359,48,product_search,-,laptop
549,2023-12-07 03:53:11.825359,49,product_search,-,laptop
550,2023-12-07 03:53:11.825359,50,product_search,-,shoes
551,2023-12-07 03:53:11.825359,51,product_search,-,phone
552,2023-12-07 03:53:11.825359,52,product_search,-,laptop
553,2023-12-07 03:53:11.825359,53,product_search,-,clothing
554,2023-12-07 03:53:11.825359,54,product_search,-,shoes
555,2023-12-07 03:53:11.825359,55,product_search,-,clothing
556,2023-12-07 03:53:11.825359,56,product_search,-,electronics
557,2023-12-07 03:53:11.825359,57,product_search,-,electronics
558,2023-12-07 03:53:11.825359,58,product_search,-,electronics
559,2023-12-07 03:53:11.825359,59,product_search,-,laptop
560,2023-12-07 03:53:11.825359,60,product_search,-,phone
561,2023-12-07 03:53:11.825359,61,product_search,-,phone
562,2023-12-07 03:53:11.825359,62,product_search,-,clothing
563,2023-12-07 03:53:11.825359,63,product_search,-,shoes
564,2023-12-07 03:53:11.825359,64,product_search,-,electronics
565,2023-12-07 03:53:11.825359,65,product_search,-,phone
566,2023-12-07 03:53:11.825359,66,product_search,-,phone
567,2023-12-07 03:53:11.825359,67,product_search,-,laptop
568,2023-12-07 03:53:11.825359,68,product_search,-,shoes
569,2023-12-07 03:53:11.825359,69,product_search,-,phone
570,2023-12-07 03:53:11.825359,70,product_search,-,electronics
571,2023-12-07 03:53:11.825359,71,product_search,-,shoes
572,2023-12-07 03:53:11.825359,72,product_search,-,shoes
573,2023-12-07 03:53:11.825359,73,product_search,-,shoes
574,2023-12-07 03:53:11.825359,74,product_search,-,shoes
575,2023-12-07 03:53:11.825359,75,product_search,-,electronics
576,2023-12-07 03:53:11.825359,76,product_search,-,clothing
577,2023-12-07 03:53:11.825359,77,product_search,-,laptop
578,2023-12-07 03:53:11.825359,78,product_search,-,phone
579,2023-12-07 03:53:11.825359,79,product_search,-,phone
580,2023-12-07 03:53:11.825359,80,product_search,-,clothing
581,2023-12-07 03:53:11.825359,81,product_search,-,clothing
582,2023-12-07 03:53:11.825359,82,product_search,-,shoes
583,2023-12-07 03:53:11.825359,83,product_search,-,shoes
584,2023-12-07 03:53:11.825359,84,product_search,-,phone
585,2023-12-07 03:53:11.825359,85,product_search,-,clothing
586,2023-12-07 03:53:11.825359,86,product_search,-,phone
587,2023-12-07 03:53:11.825359,87,product_search,-,shoes
588,2023-12-07 03:53:11.825359,88,product_search,-,laptop
589,2023-12-07 03:53:11.825359,89,product_search,-,clothing
590,2023-12-07 03:53:11.825359,90,product_search,-,clothing
591,2023-12-07 03:53:11.825359,91,product_search,-,clothing
592,2023-12-07 03:53:11.825359,92,product_search,-,electronics
593,2023-12-07 03:53:11.825359,93,product_search,-,shoes
594,2023-12-07 03:53:11.825359,94,product_search,-,shoes
595,2023-12-07 03:53:11.825359,95,product_search,-,electronics
596,2023-12-07 03:53:11.825359,96,product_search,-,electronics
597,2023-12-07 03:53:11.825359,97,product_search,-,shoes
598,2023-12-07 03:53:11.825359,98,product_search,-,laptop
599,2023-12-07 03:53:11.825359,99,product_search,-,shoes
600,2023-12-07 03:53:11.825359,100,product_search,-,clothing
